ply,side,n_legal,n_qualified,v_root,q1,q2,gap,F_gap,eff_actions,ease_entropy,F_tree_gap,F_flat_gap,F_tree_entropy,F_flat_entropy,best_move,fen,gap_hi
6,white,25,8,-0.0861,0.0124,0.0093,0.0031,0.9061,2.059,0.3472,0.2493,0.41,0.2013,0.2763,f1c4,r1bqkbnr/pp1ppppp/n7/8/2p1P3/N4N2/PPPP1PPP/R1BQKB1R w KQkq - 0 1,0.0348
7,black,26,9,0.0598,0.1709,0.1697,0.0011,0.9639,2.383,0.3953,0.2458,0.4027,0.1997,0.2345,e7e6,r2qkbnr/ppp1pppp/2np4/8/4P3/N6P/PPPP1P1P/R1BQKB1R b KQkq - 0 1,0.0239
8,white,20,8,0.0234,0.0792,0.0426,0.0366,0.31,2.739,0.4845,0.1567,0.2323,0.2151,0.2608,g4h5,rnbqkbnr/pp1pp3/5pp1/2p4p/5PP1/7P/PPPPP3/RNBQKBNR w KQkq h6 0 1,0.005
8,white,31,9,0.3028,0.5421,0.4185,0.1236,0.0192,1.141,0.0602,0.1211,0.1158,0.1793,0.1652,c4d5,rn2kbnr/ppq1pppp/4b3/2Pp4/2P5/7P/PP2PPP1/RNBQKBNR w KQkq - 0 1,0.0155
9,black,23,9,0.5234,0.5743,0.5559,0.0184,0.556,5.638,0.7872,0.0702,0.1194,0.0847,0.1035,a7a5,rnbqk1nr/pppp2bp/5pp1/4P3/1P3B2/6P1/P1P1PP1P/RN1QKBNR b KQkq - 0 1,0.0022
10,white,38,8,0.0486,0.1917,-0.0461,0.2378,0.0005,1.012,0.0055,0.2185,0.311,0.1961,0.2276,f4g5,rnbqkb1r/pp2pp2/5n2/2pp2pp/3P1P2/3BP2P/PPP3P1/RNBQK1NR w KQkq - 0 1,0.0313
11,black,28,8,-0.0556,0.0692,-0.0263,0.0955,0.0472,1.32,0.1336,0.1433,0.2038,0.2134,0.2447,c7c6,rn1qkbnr/ppp2p1p/3p4/4p1p1/P7/3P2BP/1PP1PP1P/RN1QKB1R b KQkq a3 0 1,0.0312
12,white,30,8,-0.2701,-0.074,-0.1504,0.0764,0.087,1.33,0.1373,0.2794,0.4477,0.1973,0.2639,g2h3,rn1qkbnr/pp3pp1/3p3p/4p3/3pP3/5P1b/PPP1Q1PP/RNB1KB1R w KQkq - 0 1,0.0962
13,black,29,8,0.0007,0.0998,0.0562,0.0436,0.248,3.234,0.5645,0.1591,0.1944,0.2394,0.311,c7c6,r1bqkbnr/pppp1p2/n3p1pp/8/3PQ2P/2P2PP1/PP2P3/RNB1KBNR b KQkq - 0 1,0.0164
13,black,25,8,0.1518,0.2831,0.2628,0.0203,0.5223,2.337,0.4082,0.1718,0.2346,0.2014,0.2526,c5c4,rnbqk1nr/1p1pbppp/8/p1p5/P7/4P1PN/1PPK3P/RNBQ1B1R b kq - 0 1,0.0024
15,black,35,8,0.1954,0.3022,0.299,0.0032,0.9042,2.653,0.4692,0.2563,0.3284,0.2369,0.2333,b7d5,r2q2nr/pbpkbppp/4p3/3P4/3P4/6P1/PPP1KP1P/RNBQ2NR b - - 0 1,0.0078
16,white,30,9,-0.5569,-0.4374,-0.439,0.0016,0.9505,3.564,0.5784,0.2412,0.3594,0.1814,0.2211,c3c4,rnbqkbnr/ppp3p1/4p3/3p4/8/N1P2pPP/PP1P1K2/R1BQ1B1R w kq d6 0 1,0.0597
16,white,37,8,0.8032,0.9154,0.8928,0.0226,0.4851,2.977,0.5246,0.2861,0.3369,0.368,0.36,h3f4,Bn1q2nr/p1pppk1p/b6b/1p3P2/6p1/3P2PN/PPP2P1P/RNBQ1K1R w - - 0 1,0.0273
16,white,34,10,0.0648,0.3502,0.1375,0.2127,0.0011,1.021,0.0091,0.1004,0.0768,0.1658,0.133,f1d3,r1bqk1r1/pppppnb1/2n2p2/2P4p/7P/4P1Q1/PP1P1PP1/RNB1KBNR w KQq - 0 1,0.0398
17,black,31,8,-0.5276,-0.4037,-0.4315,0.0278,0.4106,1.965,0.3247,0.24,0.251,0.2261,0.2598,b8c8,1rN1kb1r/1p1pp1pp/5p1n/q1p5/4P3/2PB2P1/P2P1P1P/R1BQK1NR b KQk - 0 1,0.0278
18,white,39,8,0.2176,0.3327,0.1685,0.1642,0.0052,1.075,0.035,0.1342,0.1666,0.1979,0.2081,a3b5,rn1qkbnr/1p2pp2/7p/p1pp4/3P1B2/N5P1/PPP1PPBP/R2QK2R w KQkq c6 0 1,0.0121
18,white,36,10,-0.3285,-0.1957,-0.2001,0.0044,0.87,3.648,0.5621,0.2206,0.3612,0.2118,0.3052,g1h3,r1bqkb1r/p2p1ppp/2n1p2n/2p5/4P3/2P3P1/P2P1PBP/1RBQK1NR w Kkq - 0 1,0.0072
22,white,40,8,0.4828,0.5978,0.5613,0.0365,0.3114,2.402,0.4214,0.1781,0.2695,0.193,0.2518,e5g6,rnb1kbnr/1p2q3/4p1p1/pPppNP2/4P2p/3P3P/PBPK1P2/RN1Q1B1R w kq - 0 1,0.0223
10,white,38,9,0.0378,0.1939,0.1879,0.0061,0.8235,2.633,0.4406,0.2085,0.2718,0.1905,0.1925,d1h5,rnbq1b1r/pppppk1p/7n/3P2p1/5N2/4P3/PPP2PPP/RNBQKB1R w KQ g6 0 1,0.0584
24,white,34,8,0.8197,0.9201,0.8797,0.0404,0.275,1.778,0.2768,0.2589,0.3476,0.2909,0.3059,b5a7,1rbk2r1/pp1pnp1p/n7/1Np2p2/2P1p3/1P2P1PP/P1QP1P1R/1R2KBN1 w - - 0 1,0.0348
18,white,36,10,0.0947,0.2455,0.2174,0.0281,0.4075,2.234,0.349,0.1593,0.2434,0.1827,0.2211,a4b3,rnbq2nr/1p1ppkb1/2p4p/p2P1pp1/Q1P5/N4NP1/PP2PPBP/R1B2K1R w - a6 0 1,0.0147
26,white,17,8,0.9389,0.9801,0.9624,0.0178,0.5665,5.955,0.8581,0.3454,0.39,0.4978,0.5684,a1a2,1rb1kb1r/6pp/1p2pp1n/1P1p4/3P2P1/N4P1P/2PP4/R1BQK1NR w KQk d6 0 1,0.0012
29,black,36,8,-0.2617,-0.169,-0.1905,0.0216,0.5018,2.473,0.4353,0.2846,0.3958,0.271,0.2904,e3f2,r1b2bnr/ppp2kp1/n7/8/4Pp2/2P1p2P/PP3B1P/R2QKB1R b KQ - 0 1,0.0542
29,black,34,8,0.6809,0.7324,0.6766,0.0558,0.1679,2.422,0.4253,0.219,0.22,0.242,0.2456,c4b3,1rbqk1n1/pp2bp2/2p1p3/7p/2p2P2/1P2PN1P/P1PP2PR/1RB1K3 b - - 0 1,0.0772
32,white,33,8,0.036,0.1398,0.1396,0.0002,0.9935,3.04,0.5347,0.0789,0.0553,0.107,0.0717,e2d4,rn3bnr/2q2k2/b5p1/p1P2pBp/1P1p3P/P7/2P1NPP1/R2QKBR1 w Q - 0 1,0.1918
36,white,40,8,0.7434,0.8001,0.7936,0.0064,0.8139,3.699,0.629,0.2458,0.3337,0.2455,0.2974,d1d2,r1bq1kn1/ppp1b3/6P1/4p2p/1P1pP2R/5NP1/P1P2PB1/1RBQKN2 w - - 0 1,0.0889
20,white,25,8,0.0564,0.1458,0.1329,0.0129,0.6613,2.423,0.4257,0.2667,0.3506,0.2474,0.2929,h2h4,rnbq1b1r/5k1p/1pp1p1p1/p4p2/8/N5P1/PPPP1P1P/1RBQ1KNR w - - 0 1,0.0391
37,black,45,10,-0.7038,-0.5963,-0.599,0.0027,0.917,3.548,0.5499,0.1977,0.3988,0.1653,0.2568,e8f8,B1b1r3/p1p2kqp/n2b2p1/3p4/2pP2P1/5N1P/PP2NB2/1R1QK2R b K - 0 1,0.0144
38,white,32,9,0.5218,0.7645,0.5746,0.1899,0.0023,1.034,0.0153,0.1562,0.1079,0.1565,0.1123,f1d3,r1b3nr/1p2bkpp/p3p3/n1Pp1pP1/3P3P/2N1PP1N/2P5/2BQKB1R w - - 0 1,0.0055
16,white,32,9,0.0737,0.1563,0.1493,0.007,0.7989,3.975,0.6281,0.2081,0.3082,0.2179,0.2523,d3b1,rnbqk2r/1p2ppb1/p1pp1n2/7p/4P1p1/N1PB3P/PP1P1PP1/R1BQK1NR w KQkq - 0 1,0.0105
30,white,34,9,-0.6819,-0.5552,-0.5596,0.0043,0.8703,2.161,0.3506,0.1904,0.3391,0.2021,0.2685,g4g5,r4b1r/1bqp1k1p/np1p1np1/p3p3/4pNP1/7P/PPPBKPB1/R2Q2NR w - e6 0 1,0.0039
40,white,15,8,-0.5536,-0.4545,-0.5289,0.0744,0.0926,1.453,0.1796,0.1674,0.2283,0.2061,0.2343,d2e4,4kb1r/p1pp1p1p/8/3p4/1p2n1p1/4n1P1/PPPN4/RN2B2K w k - 0 1,0.1542
40,white,29,8,0.953,0.984,0.9813,0.0027,0.9177,5.926,0.8557,0.5323,0.6577,0.6674,0.7416,g3g4,3r1kn1/2p1p1b1/p4pp1/1p4p1/P7/N3PKP1/1P1P4/R1BQ1B2 w - - 0 1,0.0056
41,black,19,8,-0.7273,-0.5955,-0.7086,0.1131,0.0269,1.192,0.0846,0.2419,0.2268,0.2749,0.2322,c8d7,rnb2kn1/pp1B1r2/4p3/5p1N/N2p1P1P/1P3Q1R/P1PP2P1/4K3 b - - 0 1,0.2131
42,white,34,8,-0.6736,-0.5473,-0.7158,0.1685,0.0046,1.042,0.0198,0.2273,0.2787,0.1746,0.1409,b1d1,1rb1k2r/p2p2pp/np3q2/2p2P1P/2P5/P3BP1N/P2K2P1/1R1n1B1R w k - 0 1,0.1295
43,black,28,8,0.6059,0.6937,0.6389,0.0548,0.1732,2.41,0.4231,0.2151,0.1998,0.3257,0.3054,a5a4,2b1kbr1/3pp3/rq3p1p/p1p2P1N/1p6/1P1P4/PQP1B1PP/6KR b - - 0 1,0.0263
26,white,38,8,0.2768,0.371,0.2957,0.0753,0.09,2.222,0.3838,0.1482,0.1761,0.2105,0.2428,h1g1,rn1q1k2/ppp1pp1r/3p1n2/3P1Q1p/1P2P3/2N4P/P1P2P1P/1R2KB1R w K - 0 1,0.0075
23,black,21,11,-0.0506,0.0546,0.0309,0.0237,0.4685,3.301,0.4981,0.2358,0.2863,0.3063,0.324,e6e5,r1bqkbnr/p1p1n1pp/4p3/3p1p2/P1pP1P2/2N1PB1P/1P1B2P1/R2QK1NR b - a3 0 1,0.0121
46,white,27,8,0.5652,0.6406,0.6136,0.0269,0.4226,2.907,0.5132,0.2047,0.3043,0.1847,0.293,a5a6,4q3/pp2kpr1/3r1bpp/P2Pp3/7P/4PRP1/1P3P2/1RBQKB2 w - - 0 1,0.0095
47,black,38,9,0.8438,0.935,0.9183,0.0167,0.5864,3.689,0.5941,0.253,0.3409,0.3242,0.4073,f7f5,2bq4/p1ppkp2/4p3/3P4/2PbN3/8/Pr3P2/3RK1R1 b - - 0 1,0.0113
47,black,36,11,-0.3296,-0.1834,-0.201,0.0176,0.5702,3.755,0.5518,0.2238,0.3379,0.2732,0.3154,c4c7,3qk3/1p1np3/p5pr/5pp1/2rP4/P1P2P2/2QBN1B1/1R3K2 b - - 0 1,0.0758
6,white,31,10,0.142,0.2223,0.222,0.0004,0.9885,4.108,0.6136,0.2526,0.4434,0.2181,0.3073,d4d5,rnbqkbnr/pppppp2/8/6B1/3P3p/7N/PPP1PPPP/RN1QKB1R w KQkq - 0 1,0.0095
48,white,37,8,-0.1149,0.2427,-0.4423,0.685,0.0,1.0,0.0,0.1517,0.1584,0.1564,0.1544,b4a5,r1b2knr/P1pp2bp/4p3/q5p1/1P1P4/P3P1PP/3R4/2Q1KBN1 w - - 0 1,0.8125
49,black,48,8,0.9975,0.9999,0.9994,0.0005,0.9828,7.927,0.9956,0.8777,0.892,0.9586,0.9833,g8e7,1r2k1nr/ppq2pp1/8/2n3P1/5P2/N1b2PRP/P7/2BK4 b k - 0 1,0.0003
50,white,2,2,0.9913,1.0,0.9514,0.0486,0.2114,1.589,0.6679,0.824,0.7353,0.9117,0.8586,f2e3,8/pB2k2p/3p4/2pPp3/1nP5/4q3/P4KP1/R2Q2NR w - - 0 1,0.0593
51,black,50,8,0.9856,0.9948,0.9934,0.0014,0.9553,7.765,0.9857,0.7637,0.7647,0.9065,0.9049,g5f4,3r3r/2kb1pp1/1p1b4/3K2p1/pq3P1P/4B1p1/1PP3B1/R5R1 b - - 0 1,0.005
51,black,42,8,0.0609,0.2404,0.1704,0.0699,0.1068,1.585,0.2215,0.1853,0.2137,0.2284,0.2478,a8c8,r2q3r/pb3pk1/p5n1/n3p1p1/1p1p2P1/1P1P1P1B/R1QNPK1R/B5N1 b - - 0 1,0.0575
14,white,27,10,-0.0856,0.1396,0.0212,0.1184,0.0227,1.271,0.1041,0.0973,0.0882,0.1576,0.1366,h1h2,rnb1kbnr/1p2qpp1/p3p3/2p4p/2p5/N2PP2P/PP2BPP1/1RBQK1NR w Kkq - 0 1,0.0297
54,white,4,4,0.5262,0.6628,-0.0915,0.7543,0.0,1.0,0.0,0.1769,0.2572,0.1495,0.1784,b8f4,1Q4nr/4pk2/7b/1Np5/2Pp1q1p/2P4P/5KP1/1R3B1R w - - 0 1,0.8163
56,white,27,8,-0.9609,-0.9059,-0.9645,0.0587,0.1533,3.315,0.5763,0.7191,0.5658,0.7795,0.6351,d2e4,1r5r/2p1pk2/p3b2n/1p4b1/6Pp/1PNq3P/P2N1K2/3R3R w - - 0 1,0.003
56,white,34,9,-0.2885,-0.1133,-0.1335,0.0202,0.5242,2.484,0.4141,0.1901,0.2722,0.2101,0.2336,c4h4,r1b1k3/pppp2p1/3q3p/3P2r1/N1Q4n/P7/2P1NP2/2R1KB2 w - - 0 1,0.0326
57,black,23,10,-0.2343,-0.1318,-0.1682,0.0364,0.3123,4.503,0.6535,0.3143,0.2645,0.3866,0.339,c8h3,2b3n1/p3k3/n1pp4/1p5P/2pP4/4N2P/PP2N3/3RK3 b - - 0 1,0.0342
29,black,25,8,0.2302,0.3485,0.1691,0.1793,0.0032,1.044,0.0207,0.1788,0.1908,0.2319,0.1877,d7d6,rnbq1rk1/1p1p3p/4p2p/p4p2/2P4P/5NP1/P2NPP2/3QKB1R b - - 0 1,0.0226
58,white,40,8,0.984,0.999,0.9898,0.0092,0.7452,6.785,0.9208,0.6869,0.6799,0.8595,0.8829,h7f5,r3kb2/3R3Q/1p6/p4n1P/5p2/8/P2NKP2/4R3 w q a6 0 1,0.0051
58,white,39,8,0.9736,0.9965,0.9936,0.003,0.9092,6.365,0.8901,0.5311,0.6226,0.6914,0.7992,d6f4,r5nr/7P/p1pBb3/5k2/1P5p/5B2/1P3P1P/1R1QK2R w K - 0 1,0.0007
59,black,20,8,-0.2506,0.0258,-0.3288,0.3546,0.0,1.0,0.0001,0.3005,0.3785,0.3647,0.3729,h8c8,2R4r/p5bp/1p2k1p1/1R2pp2/5P2/4P2N/P2K2PP/8 b - - 0 1,0.3629
60,white,34,9,-0.7096,-0.5812,-0.5822,0.001,0.9676,2.292,0.3774,0.3348,0.4213,0.3041,0.2807,f1g1,5kr1/3q1p2/1p2pP2/3p4/r6P/1pPB2p1/P3K3/R1B2R2 w - - 0 1,0.0279
60,white,32,8,0.4344,0.6104,0.417,0.1934,0.0021,1.016,0.0075,0.1324,0.179,0.1775,0.2032,e1f1,2bnkr2/1pp4p/4pq2/r7/2P3p1/1Q2K1PP/4P1B1/2B1R1NR w - - 0 1,0.0336
60,white,18,8,-0.9998,-0.9996,-0.9999,0.0003,0.9903,8.0,1.0,0.9894,0.9889,0.9998,0.9997,e2c2,5b2/1r3krp/q2p1p1p/p2Pp2P/2n1P1b1/5N2/4RPP1/3K4 w - - 0 1,0.0003
39,black,33,9,0.0161,0.1562,0.0826,0.0737,0.0948,1.91,0.2944,0.1489,0.1976,0.2008,0.2964,d6d5,1rb1kbnr/pp1q2p1/1n1p1p2/2p1p3/2P1P3/P1NPBP1P/1P2KQ1P/RN3BR1 b - - 0 1,0.0657
63,black,32,8,-0.5282,-0.4135,-0.4376,0.0241,0.4631,2.808,0.4964,0.2107,0.2033,0.2412,0.2123,d7c8,1nN4r/r2kpp2/p1p1q3/P2p3P/1P1P2Pb/R7/1P2BP1R/2BQK3 b - - 0 1,0.0143
63,black,30,8,-0.1096,0.3217,-0.5057,0.8274,0.0,1.0,0.0,0.1031,0.0785,0.1452,0.0992,f4f2,2b2r2/3p2kp/3P3p/2P5/R1B2q2/1P1Q2pP/8/4R1K1 b - - 0 1,1.4482
51,black,25,8,-0.7831,-0.7173,-0.7228,0.0055,0.8384,2.728,0.4826,0.3114,0.3499,0.3515,0.34,h3h2,rn6/3qn3/pQpp2kp/5p2/1PP3b1/P1B4p/3NP1P1/R3KBNR b - - 0 1,0.0195
21,black,33,8,0.3753,0.7637,0.0601,0.7036,0.0,1.0,0.0,0.1051,0.0878,0.1428,0.1338,c2a1,r1bqk1nr/pp3ppp/4pb2/3p4/3P4/2N1P1QP/PPnK1PP1/R1B2BNR b kq - 0 1,0.5935
9,black,30,8,-0.3435,-0.1359,-0.2419,0.106,0.0337,1.155,0.0694,0.1062,0.144,0.1291,0.1428,d7d5,rnbqkbnr/1p1p2pp/p1p1p3/5p2/2PP4/N4NP1/PP2PP1P/R1BQKB1R b KQkq - 0 1,0.1175
14,white,29,9,0.3196,0.4212,0.3974,0.0238,0.4672,3.229,0.5334,0.1469,0.2273,0.1683,0.2117,g1f3,1nbqkbnr/rppp1p1p/6p1/4p3/p3P1P1/N1P4P/PP1P1P2/R1BQKBNR w KQk - 0 1,0.0661
57,black,25,8,0.2164,0.3257,0.2642,0.0615,0.1399,2.442,0.4293,0.1817,0.1924,0.2864,0.2919,a8e8,r4k2/1qp4n/p2p3n/3P1p1p/1P3P1P/2B1NP2/P4KP1/3RR3 b - - 0 1,0.0165
66,white,24,9,-0.9051,-0.8547,-0.8839,0.0292,0.3926,5.306,0.7596,0.2969,0.4229,0.4184,0.4833,c7b7,4k1r1/2R3b1/p1P1b2n/5p2/P4P2/2r2N1P/4K1P1/8 w - - 0 1,0.0211
22,white,41,9,0.0101,0.0886,0.0745,0.0141,0.6377,5.242,0.754,0.1739,0.3028,0.1986,0.3181,c5b6,rn2kbnr/pb1p1p1p/1p3q2/2P1p3/4p1P1/2P5/PP3NBP/RNBQK2R w KQkq - 0 1,0.0449
68,white,39,9,-0.635,-0.4702,-0.5536,0.0834,0.0695,1.753,0.2555,0.2259,0.1771,0.2571,0.1985,a4d4,1rbk2r1/5p2/pn3q2/5Pp1/Q7/5N1P/P3B3/4K2R w - - 0 1,0.0607
70,white,43,8,0.8968,0.988,0.9875,0.0005,0.9843,5.044,0.7782,0.6278,0.6194,0.7621,0.7774,d7e7,1R2bk1r/3Qn1p1/6P1/p3p3/8/B1P1P2P/2P4K/8 w - - 0 1,0.01
71,black,36,8,0.5396,0.5946,0.5879,0.0067,0.8067,5.008,0.7748,0.3066,0.4724,0.3193,0.4388,c3c2,3r3r/2b2k2/p4p2/2P3p1/3P2P1/2p2P1P/R3N3/3K4 b - - 0 1,0.0123
6,white,26,10,0.312,0.3907,0.3827,0.008,0.7741,4.584,0.6612,0.2215,0.3608,0.2303,0.3093,b1a3,rnbq1b1r/pppppkpp/5n2/5p2/8/5NP1/PPPPPPBP/RNBQK2R w KQ - 0 1,0.0167
73,black,29,8,0.9857,1.0,1.0,0.0,1.0,6.755,0.9186,0.9277,0.8847,0.9344,0.8994,b7b6,1n4n1/rp3k2/p1p2p2/P1q2P1K/8/8/P7/8 b - - 0 1,0.0
47,black,36,8,0.0453,0.2619,0.1093,0.1525,0.0076,1.047,0.0222,0.1079,0.1317,0.1513,0.1375,d7d6,3kr3/3qp2p/r1p1bnp1/1p6/1p1pBQ1N/3P3P/P2N1P2/R4KR1 b - - 0 1,0.0362
58,white,36,8,0.9999,1.0,1.0,0.0,0.9995,8.0,1.0,0.9867,0.9861,0.9999,0.9999,c2c4,2k2b2/4p3/1n1p4/5Pp1/3P4/3Q1B1P/2P4P/1N3R1K w - - 0 1,0.0
74,white,41,8,0.5927,0.8756,0.574,0.3016,0.0001,1.001,0.0004,0.1858,0.2183,0.2702,0.3016,b4b8,1r6/p4kbr/6p1/5p1p/pQ5P/6P1/3K2B1/6NR w - - 0 1,0.3307
75,black,31,8,0.9784,0.9995,0.9964,0.0031,0.9066,6.416,0.8939,0.8113,0.8228,0.9035,0.8915,h3h2,3r3k/8/5pq1/6p1/B2Pp3/4P2r/P2B1P1P/5K2 b - - 0 1,0.0032
18,white,28,8,-0.2031,-0.0901,-0.2077,0.1175,0.0233,1.337,0.1396,0.1026,0.1049,0.179,0.2037,f2e1,r1bq1bnr/1ppp1k2/n4ppp/p3p3/P5PP/2PP1P2/1P1QPKB1/RNB3NR w - - 0 1,0.1619
76,white,12,8,-1.0,-1.0,-1.0,0.0,0.9999,8.0,1.0,0.9997,0.9998,1.0,1.0,e1f3,6r1/1pq3p1/p5pn/7k/3b1p1P/8/P3KP2/4N3 w - - 0 1,0.0
76,white,22,10,0.2362,0.3265,0.3027,0.0238,0.467,3.272,0.5148,0.2585,0.3255,0.3807,0.4219,d3d1,4k1r1/p3nnP1/1p2N3/8/3P4/3R4/P1P5/RK6 w - - 0 1,0.0033
39,black,38,8,-0.4439,-0.2525,-0.2531,0.0007,0.9793,2.042,0.3433,0.2769,0.3668,0.2049,0.2218,b5c4,rnb2knr/pp3N2/4p1Q1/Pq3p1P/2N2b2/8/1PPP2BP/R1B2K1R b - - 0 1,0.1112
7,black,33,9,0.1247,0.213,0.1945,0.0185,0.5529,3.864,0.6152,0.2281,0.3665,0.2185,0.2998,c8d7,rnbqkbnr/ppp1pp1p/6p1/8/2p5/N5P1/PPQPPP1P/R1B1KBNR b KQkq - 0 1,0.0061
77,black,47,8,1.0,1.0,1.0,0.0,0.9999,8.0,1.0,0.9993,0.9989,1.0,1.0,g5h4,1r5r/p1k5/P3pb2/1P1p2pp/3q3P/8/K7/4R3 b - - 0 1,0.0
24,white,32,8,-0.0904,-0.0005,-0.0461,0.0456,0.2328,2.604,0.4603,0.2002,0.2765,0.1855,0.2288,f4e6,rn1qk2r/ppp1n1p1/2bb3p/3p1p1P/2p2N2/4P3/PP1B1PP1/RN1QKBR1 w kq - 0 1,0.0627
29,black,2,2,-0.0775,-0.0391,-0.7094,0.6703,0.0,1.0,0.0,0.1542,0.1973,0.2017,0.2253,h7f7,rq2kbn1/2pnp2r/pp3pQ1/3P3p/P5P1/1PP2P2/NB1PB2P/4K2R b Kq - 0 1,0.7656
79,black,15,8,-0.9987,-0.9955,-0.9964,0.0008,0.9737,7.99,0.9994,0.9174,0.9321,0.9711,0.9956,a6b6,8/6bk/r4p2/N3p3/1P2P2p/2B2P1P/1P2N1K1/1R2R3 b - - 0 1,0.0
79,black,7,7,-0.975,-0.9489,-0.9495,0.0006,0.9808,6.159,0.9343,0.6891,0.7212,0.8309,0.8531,g5g4,8/p1p5/2p5/2Np2k1/3Pp1P1/2P1P3/P2B4/R5K1 b - - 0 1,0.0026
21,black,3,3,-0.6836,-0.6436,-0.9878,0.3442,0.0,1.0,0.0003,0.2225,0.2057,0.2097,0.1762,h7g6,rnb1k2r/pppp3p/4p1QB/3P4/8/6P1/PPP2P1P/RN1K1BNR b kq - 0 1,0.2828
38,white,28,10,-0.5166,-0.4087,-0.4131,0.0045,0.8673,4.241,0.6274,0.2362,0.3894,0.2285,0.3543,f2g1,r3kb1r/p1p1pp2/1pn2n2/5b1p/6p1/2P3PP/PP1P1K1N/RNB1R3 w q - 0 1,0.001
66,white,3,3,0.5889,0.6337,0.6203,0.0134,0.6513,1.956,0.6105,0.2125,0.2435,0.2411,0.2746,d4e3,3k1r2/1r1p2pp/1pb2P2/p7/P1QB4/1P1Kq2P/8/6NB w - - 0 1,0.0526
80,white,43,8,1.0,1.0,1.0,0.0,1.0,8.0,1.0,0.9997,0.9998,1.0,1.0,f2f3,8/p3Q1R1/p7/2P5/4B3/k1P5/5PK1/8 w - - 0 1,0.0
81,black,10,8,-1.0,-1.0,-1.0,0.0,0.9999,8.0,1.0,0.9999,0.9999,1.0,1.0,f7g6,8/5k2/5p2/3pp3/6p1/4Q1P1/5P1P/1R4KR b - - 0 1,0.0008
75,black,31,9,0.8703,0.9146,0.8802,0.0343,0.3338,4.978,0.7304,0.2845,0.2553,0.4125,0.3937,d7d4,8/rqprk3/4p3/8/p2P4/P3N3/RP2K3/5N2 b - - 0 1,0.0583
18,white,48,8,0.7259,0.9375,0.812,0.1255,0.0181,1.098,0.0448,0.299,0.3458,0.3398,0.3128,b5c7,2bqkbnr/3ppp1p/r5p1/1Np5/1p1PPB1P/5N2/PP3PP1/R2QKB1R w KQk c6 0 1,0.1368
17,black,38,9,-0.1268,0.054,-0.0144,0.0684,0.1123,1.498,0.184,0.1412,0.1707,0.2238,0.2956,h7h6,r1bqkbnr/p1p4p/1p3p2/2pPp1p1/3nP3/5N1P/PP3PP1/RNBQKB1R b kq - 0 1,0.1455
82,white,39,8,0.9881,0.9984,0.9981,0.0003,0.9919,7.094,0.9422,0.8174,0.8053,0.9317,0.939,c1b1,2b5/7k/1p2Pb2/1p1B4/1P1P4/P1BK3P/8/2R3R1 w - - 0 1,0.0009
83,black,30,8,-0.528,-0.4518,-0.4537,0.0019,0.9418,2.592,0.4581,0.1207,0.0958,0.1759,0.1591,d6g3,5k2/5n2/p2q4/2p5/8/4N3/PP1P1N2/1RBK3R b - - 0 1,0.0839
83,black,33,8,0.7332,1.0,0.4552,0.5448,0.0,1.0,0.0,0.1564,0.1876,0.1918,0.1381,g8h8,2r3r1/5k2/p3n3/1p5K/1P4R1/P4P1N/3P4/8 b - - 0 1,0.5448
84,white,25,8,0.5294,0.7225,0.5592,0.1632,0.0054,1.036,0.017,0.1628,0.0989,0.2284,0.155,c2b2,4B3/1k6/6p1/6PP/8/4r3/1pR3KR/4b3 w - - 0 1,0.1282
53,black,19,8,-0.9969,-0.9713,-0.9975,0.0263,0.432,7.482,0.9678,0.8626,0.7484,0.9841,0.9687,b5a4,7r/2Q5/p2pk3/1p6/NP1P4/P4B2/2P2P2/R3K3 b Q - 0 1,0.0019
78,white,15,8,-0.4192,-0.3122,-0.3796,0.0674,0.1159,2.057,0.3468,0.2801,0.3601,0.3455,0.3537,b3a3,5k2/p7/5P1p/8/1Pq2P2/1R4P1/2P5/3K4 w - - 0 1,0.0178
86,white,19,9,-0.2169,-0.0677,-0.0865,0.0188,0.5479,3.301,0.5434,0.2748,0.2941,0.3222,0.2767,h3g5,8/2p5/5n2/1P1pk3/pB1Rp2p/2P4N/q6P/6K1 w - - 0 1,0.002
87,black,25,9,-0.0473,0.0321,0.0171,0.015,0.6191,3.313,0.5451,0.3976,0.5638,0.5231,0.5575,e7b7,2k5/4r3/p4n2/5p2/1PP2P2/3R4/P1K3B1/8 b - - 0 1,0.004
63,black,42,8,0.6846,0.8645,0.6095,0.2551,0.0003,1.005,0.0023,0.1582,0.1697,0.1898,0.2107,c5b3,6nr/Np1kb3/3q4/P1n2p2/3Pbppp/2P4P/1B1KB1P1/R2N2R1 b - - 0 1,0.251
16,white,33,8,0.0659,0.3092,-0.0347,0.3439,0.0,1.0,0.0001,0.1593,0.1541,0.1474,0.1344,d5e6,r1nqkb1r/pppb1p1p/3p2pn/3Pp3/P7/2P2NPP/1P2PP1R/RNBQKB2 w Qkq e6 0 1,0.2972
23,black,40,10,-0.5348,-0.4363,-0.4536,0.0173,0.5755,4.672,0.6695,0.2537,0.2742,0.2358,0.2642,a8a7,r2qkb1r/1ppn2pp/8/p4b2/3P4/1P3PP1/P3P1B1/RNBQ1KNR b kq d3 0 1,0.001
89,black,30,8,0.6937,0.8418,0.7348,0.107,0.0327,1.247,0.106,0.1672,0.1484,0.2248,0.1985,b4c3,2b5/5krr/1p6/1P1p1p2/1b1PpP1p/2N5/P1PKR3/5B2 b - - 0 1,0.0068
90,white,24,8,-0.0045,0.0574,0.0346,0.0229,0.4814,3.28,0.5712,0.3931,0.4428,0.5152,0.5013,d4f5,4b3/1p3kr1/5pp1/p2P1n2/3N3p/5NpP/8/4K1Q1 w - - 0 1,0.0553
90,white,26,8,0.0319,0.0928,0.0823,0.0106,0.7135,4.652,0.7393,0.3461,0.46,0.4513,0.5015,e3f3,5n2/5k2/3r1n2/2p1pBR1/p1p4P/P1P1K2R/8/8 w - - 0 1,0.0282
91,black,15,8,-0.0925,-0.0199,-0.0534,0.0336,0.3417,2.741,0.4849,0.3203,0.3084,0.471,0.4623,h5h4,3k4/6p1/6P1/pP5r/R6P/P7/5K1P/8 b - - 0 1,0.0282
91,black,20,8,-0.6871,-0.5674,-0.6285,0.0611,0.1416,1.79,0.28,0.1686,0.1771,0.2301,0.2409,a7e7,1B6/r4k2/6b1/6P1/p7/P7/7R/2RK4 b - - 0 1,0.014
93,black,23,8,0.6995,0.7849,0.7631,0.0218,0.4982,3.321,0.5772,0.2056,0.2395,0.2528,0.3085,c5d5,3k4/1r1n4/1Pp5/2r5/8/P7/1N1B4/1K6 b - - 0 1,0.005
93,black,4,4,-0.9905,-0.9546,-0.9926,0.038,0.2966,3.272,0.8551,0.7798,0.7432,0.9219,0.9136,f8g7,5k2/8/p3B3/8/1P6/8/2PP1KP1/7R b - - 0 1,0.0126
93,black,29,8,0.9595,0.9935,0.9686,0.0249,0.4514,6.093,0.8691,0.5121,0.4868,0.7083,0.7391,b2b3,6k1/p2p4/n5N1/P2b3p/2p5/2P3p1/1rN3n1/2K5 b - - 0 1,0.0109
35,black,27,9,0.3207,0.6958,0.2389,0.4569,0.0,1.0,0.0,0.1743,0.1727,0.166,0.1353,c8a6,r1bqk1nr/3nppb1/1p5p/p2P2PP/4N3/3KP3/PP2Q1P1/R1B2BNR b q - 0 1,0.3035
18,white,25,9,-0.0537,0.0567,-0.0226,0.0793,0.0792,2.17,0.3525,0.1515,0.1806,0.2323,0.2457,c2c4,rnbqk1nr/pp2b3/6pp/2pp1p2/3p1P2/P5PP/1PP1P1B1/RNBQ1KNR w kq f6 0 1,0.0012
96,white,9,8,-0.9998,-0.9994,-0.9996,0.0002,0.9938,8.0,1.0,0.9834,0.9866,0.9998,0.9998,f1f2,2bn2k1/r7/1p1pp2p/2p4P/2P5/r7/8/3N1K2 w - - 0 1,0.0003
96,white,23,9,0.7726,0.8216,0.8016,0.02,0.5275,4.247,0.6582,0.2551,0.3107,0.3398,0.4074,b1c1,8/8/p1p5/5pk1/8/2K5/8/1R5N w - - 0 1,0.006
96,white,3,3,-1.0,-1.0,-1.0,0.0,1.0,3.0,1.0,1.0,1.0,1.0,1.0,a1a2,1k5r/6p1/pp1b4/5p2/2P1q3/3n4/5n2/K7 w - - 0 1,0.0019
96,white,34,8,0.9956,0.9999,0.9999,0.0,0.9996,7.477,0.9675,0.9576,0.9451,0.9692,0.9581,d2d4,8/6k1/1K6/7p/7P/6PR/3Q4/8 w - - 0 1,0.0
81,black,45,8,0.9929,1.0,0.9999,0.0,0.9991,7.101,0.9427,0.9348,0.9342,0.9481,0.9558,c5c4,2bk2r1/2ppn3/pr5p/2q3p1/P5P1/3R3B/6KP/6N1 b - - 0 1,0.0
34,white,33,8,-0.1028,0.0955,-0.0057,0.1012,0.0394,1.304,0.1275,0.1759,0.1397,0.2325,0.2268,g1f3,r1bq2nr/pp3k2/2n1p2p/P1p3p1/3bP1P1/N6P/RP2BP1R/2BQK1N1 w - - 0 1,0.0208
57,black,32,8,0.968,0.9892,0.9854,0.0038,0.8851,6.448,0.8963,0.4852,0.5801,0.6396,0.7728,f6h4,r1bq3r/1p1p1k1p/p4b2/2pP1B2/1P5P/P1P1B3/2K2P2/RN6 b - - 0 1,0.0009
15,black,37,9,-0.4822,-0.3538,-0.3576,0.0038,0.8864,2.148,0.3479,0.2249,0.3538,0.1804,0.2453,d8c7,r2qkbnr/pp3ppp/2n5/2PppP2/8/N1P2PP1/P2P3P/R1BQKBNR b KQkq - 0 1,0.0057
11,black,28,9,0.0169,0.1216,0.0669,0.0547,0.1741,2.446,0.4071,0.0647,0.0874,0.1324,0.148,d5d4,r1bqkbnr/pp2p2p/n4pp1/1Npp4/2P5/4P1P1/PP1P1P1P/R1BQKBNR b KQkq - 0 1,0.0251
98,white,20,8,-0.9999,-0.9997,-1.0,0.0002,0.9923,8.0,1.0,0.9932,0.995,1.0,1.0,f1e1,3rr3/p3nk2/b1n5/5pp1/1p5b/1KP3p1/8/1R3R2 w - - 0 1,0.0001
98,white,14,8,0.4137,0.5607,0.3447,0.216,0.001,1.009,0.0043,0.2357,0.2917,0.3146,0.3332,d2b3,5r2/7p/2p4P/2k2p2/2P2P1P/5PK1/P1RN4/8 w - - 0 1,0.2213
20,white,39,10,-0.2318,-0.0813,-0.1041,0.0228,0.4829,2.907,0.4634,0.1778,0.2642,0.1745,0.205,b2d4,r1bq1bnr/pp3k1p/2p1ppp1/2Pp4/1n6/N3Q1P1/PB1PPPBP/1R2K1NR w K - 0 1,0.0671
41,black,18,9,-0.983,-0.9464,-0.9646,0.0182,0.5588,7.36,0.9084,0.5409,0.5905,0.7413,0.8538,f8d6,1n3b2/rpkb3Q/2p3p1/p3p1P1/4P3/P6P/1P2PPR1/RN1K1B2 b - - 0 1,0.0019
16,white,38,8,0.2009,0.2852,0.2562,0.029,0.396,2.514,0.4433,0.2806,0.4505,0.2135,0.2995,f2g3,r1bqkb1r/pppn1p1p/7n/3p4/2PP3P/2N1B1p1/PP2QPP1/R3KBNR w KQkq - 0 1,0.0318
101,black,12,8,-0.1441,-0.08,-0.0907,0.0107,0.7104,4.761,0.7504,0.3935,0.4991,0.4917,0.5231,d8c8,3k4/R5p1/8/2p4P/8/8/8/4K2b b - - 0 1,0.0017
101,black,18,8,0.6466,0.9233,0.3507,0.5726,0.0,1.0,0.0,0.2583,0.28,0.3434,0.386,h6h4,7n/4r3/4P1kr/8/2B4R/5P1P/3K4/8 b - - 0 1,0.5534
102,white,25,8,0.9986,1.0,1.0,0.0,1.0,7.965,0.9979,0.9812,0.9802,0.987,0.9898,e3f3,7Q/5kB1/7P/4K3/4P3/4R3/8/8 w - - 0 1,0.0
103,black,27,8,0.7807,0.837,0.8059,0.0311,0.3704,2.721,0.4814,0.2408,0.2907,0.3134,0.3952,c1c2,2nk4/1R6/4b3/1p1p4/4pP2/6P1/6KP/2r5 b - - 0 1,0.0452
103,black,16,8,0.6213,0.6812,0.6806,0.0006,0.9813,2.531,0.4465,0.3236,0.4807,0.2742,0.336,a6c6,k1n5/1p6/r4p2/7P/p1p5/P3PK2/P7/8 b - - 0 1,0.1374
103,black,38,8,0.9954,1.0,0.9999,0.0001,0.9978,7.98,0.9988,0.8707,0.8561,0.955,0.9461,c8d7,2b2b1k/3P4/rr3p2/1p3P1p/1P2P3/6K1/6n1/7q b - - 0 1,0.0
104,white,20,8,-0.4508,-0.2371,-0.5289,0.2918,0.0001,1.001,0.0004,0.2803,0.2615,0.3093,0.3081,h4d8,3r2k1/8/1p6/2n5/p1p4Q/q7/7P/7K w - - 0 1,0.2381
78,white,7,7,-0.9981,-0.9952,-0.9992,0.004,0.8793,6.99,0.9993,0.9327,0.89,0.993,0.9859,a5b3,6kr/p3b3/2p5/NpP1p3/2n5/2P5/P7/K1B4q w - - 0 1,0.0039
104,white,25,8,0.2366,0.3072,0.3003,0.0069,0.8025,3.426,0.5922,0.3748,0.4811,0.3694,0.3994,c5d5,7b/1k6/1P6/2Rn4/p3N2P/P3Pr2/1P1K4/8 w - - 0 1,0.0042
43,black,27,10,-0.5052,-0.3452,-0.3686,0.0234,0.4725,2.022,0.3058,0.202,0.2642,0.2252,0.2436,e8g8,rn2k2r/5p1p/p1b2npb/1p1p4/3QP1PP/P4PK1/4N3/3R1B1R b kq - 0 1,0.1255
20,white,34,10,-0.0708,0.0898,0.0773,0.0125,0.6714,2.137,0.3298,0.2121,0.2859,0.2204,0.2454,f2g2,rnbqkr2/1pp1p1p1/p2p1p1n/3P4/8/2P1B3/PP2PK1P/RN1Q1B1R w q - 0 1,0.0034
21,black,27,8,0.0868,0.1785,0.174,0.0045,0.8649,3.253,0.5673,0.2437,0.3673,0.2186,0.271,d4d3,rnbqk2r/pp1p4/5b2/7p/3p4/6PP/PP1N1P2/R2QKBNR b KQkq - 0 1,0.0027
108,white,28,8,0.9534,0.9871,0.985,0.0021,0.9361,5.744,0.8407,0.5063,0.5736,0.6743,0.7474,c1f4,8/p7/3k4/2p5/8/P1P2PP1/7R/2B3K1 w - - 0 1,0.0013
109,black,7,7,-1.0,-1.0,-1.0,0.0,0.9998,7.0,1.0,0.9999,0.9999,1.0,1.0,g8g7,3k2r1/3p2P1/p2P4/4Q3/3N4/PpP1N2p/1B2K3/1R5R b - - 0 1,0.006
109,black,7,7,-0.9945,-0.9825,-0.9962,0.0137,0.6456,6.855,0.9893,0.8716,0.7998,0.9773,0.9473,g7g8,1N6/6k1/R7/8/4p3/P1p5/7p/2K4R b - - 0 1,0.0207
109,black,6,6,-0.9759,-0.9581,-0.9662,0.0081,0.7727,5.263,0.9269,0.7793,0.816,0.8899,0.9285,g6f5,8/p7/P4Pk1/8/3Q4/P1P5/1K6/8 b - - 0 1,0.0064
27,black,37,11,-0.2023,-0.0976,-0.1093,0.0117,0.6888,4.722,0.6473,0.2353,0.3539,0.2104,0.3102,g8e7,r2qkbn1/1bpp1p2/np6/4P3/3p2Q1/P6P/1P3PP1/RNB1K1NR b KQq - 0 1,0.0009
72,white,34,8,0.9011,0.9526,0.9089,0.0437,0.247,3.825,0.6452,0.2751,0.3844,0.4164,0.5796,a5c3,5r1r/6k1/8/B1pp4/5P1p/1P1B3P/P5P1/1RK4R w - - 0 1,0.0094
33,black,37,8,0.373,0.8214,0.0881,0.7333,0.0,1.0,0.0,0.1094,0.0904,0.1599,0.1444,c5a7,2b3nr/Q2p1k1p/n2p1p1b/2q5/p5pP/4P1P1/P1P2P2/1RB1KBNR b K - 0 1,0.7535
76,white,45,8,0.9988,1.0,1.0,0.0,0.9995,7.9,0.994,0.9636,0.9731,0.9957,0.9973,d5c7,1k6/b1r2n2/p7/3N3Q/1PN4P/8/2P2PP1/R4KR1 w - - 0 1,0.0002
112,white,4,4,-1.0,-1.0,-1.0,0.0,0.9995,4.0,1.0,0.9994,0.9993,1.0,1.0,d1e1,3r4/p5k1/8/2q5/p1p3p1/2P5/1P6/3K4 w - - 0 1,0.0001
112,white,17,8,0.7349,0.9191,0.6711,0.248,0.0004,1.003,0.0017,0.2807,0.2401,0.4066,0.357,a7a8q,3k4/P7/5p2/P7/5b2/7p/4K3/6B1 w - - 0 1,0.2598
60,white,39,8,-0.7552,-0.604,-0.665,0.061,0.142,1.486,0.1905,0.1698,0.1835,0.1908,0.1754,h3g2,r1q2k2/3pp3/5n2/1p6/2p4r/N3Q2B/PP2P1b1/2R1K3 w - - 0 1,0.009
113,black,23,8,0.9647,0.985,0.9833,0.0017,0.9478,5.493,0.8192,0.6644,0.7395,0.8122,0.8469,d5c6,1b6/pp3p2/7p/P2b3k/7P/2K5/8/8 b - - 0 1,0.0016
114,white,15,8,-0.9718,-0.9273,-0.9606,0.0332,0.3455,4.882,0.7625,0.5773,0.5005,0.7404,0.7633,e5d5,8/6k1/Pp6/3nK3/1R3p2/7q/7q/8 w - - 0 1,0.0189
41,black,29,8,-0.9592,-0.917,-0.9616,0.0445,0.2407,4.343,0.7062,0.5522,0.5698,0.6711,0.7362,e7f6,r2k2nr/4b2p/4bPp1/1pP5/p6P/P4P1N/1PPP2B1/R1B1KQ1R b - - 0 1,0.0086
115,black,16,8,0.9998,1.0,0.9999,0.0001,0.9965,8.0,1.0,0.9852,0.9883,0.9997,0.9999,h6h5,4rk2/4b3/5pPp/8/1p6/5P2/p3K3/8 b - - 0 1,0.0002
21,black,29,8,0.7333,0.8227,0.7337,0.089,0.0581,1.581,0.2202,0.1363,0.1692,0.215,0.2031,e8f8,r1bqk2r/1ppp1p1p/p2bpnp1/8/5P2/P2PP1PP/1P2B3/RNB1K1NR b KQkq - 0 1,0.0014
17,black,37,8,-0.2752,-0.0988,-0.1725,0.0737,0.0947,1.347,0.1434,0.127,0.1232,0.1495,0.1463,b6b5,r1b1k1nr/p1bpqppp/npp5/8/1P2p2P/P1PPP3/4NPP1/RNBQKBR1 b Qkq - 0 1,0.1173
118,white,5,5,-0.9362,-0.9281,-0.9314,0.0034,0.8982,4.751,0.9683,0.5025,0.5709,0.6975,0.753,b1a2,6k1/1p3rn1/8/1p6/8/8/8/1K6 w - - 0 1,0.0014
119,black,17,8,0.1451,0.1734,0.1657,0.0077,0.7829,4.647,0.7388,0.4539,0.5878,0.5719,0.6153,h8h5,7r/8/1p3p2/2p3kP/2p5/8/5K2/7R b - - 0 1,0.0049
120,white,4,4,-0.9938,-0.9925,-1.0,0.0074,0.7887,3.977,0.9959,0.9379,0.918,0.9755,0.9657,h3h4,8/2rk4/4p1p1/4P3/3P3b/pp3p1K/8/2q5 w - - 0 1,0.0053
120,white,44,8,1.0,1.0,1.0,0.0,1.0,8.0,1.0,0.9998,0.9998,1.0,1.0,g6g8,7R/7Q/4N1R1/3k4/8/2P5/8/2K5 w - - 0 1,0.0
121,black,49,8,0.9928,1.0,1.0,0.0,1.0,7.307,0.9564,0.9332,0.8908,0.9487,0.9237,d6c5,3r4/1r6/1k1q4/8/6K1/pp6/8/2n5 b - - 0 1,0.0
85,black,29,8,0.1148,0.2139,0.1137,0.1001,0.0407,1.352,0.1451,0.2653,0.2744,0.3786,0.3269,e6b6,5r2/3kb3/p3r3/4Bp2/3P1P1p/1p6/1K3R1P/6R1 b - - 0 1,0.0014
122,white,16,8,0.2559,0.3449,0.3081,0.0368,0.3088,2.971,0.5236,0.3148,0.3722,0.4002,0.4017,e6e1,8/3k4/p2bR1PK/8/P6P/8/8/8 w - - 0 1,0.4278
76,white,7,7,-0.9919,-0.9782,-0.9896,0.0114,0.6946,6.832,0.9875,0.7939,0.7977,0.9507,0.9557,c3b3,8/1n2k2r/1p2p3/8/2P1P3/2K3Pp/r6P/8 w - - 0 1,0.0074
118,white,41,8,0.9969,1.0,0.9999,0.0,0.999,7.829,0.9896,0.9092,0.9244,0.9459,0.972,c8e6,2Q5/8/p5pk/8/1P4p1/3R2Kp/8/4N3 w - - 0 1,0.0001
124,white,26,8,0.9712,0.9885,0.9791,0.0094,0.7408,6.969,0.9336,0.597,0.6649,0.8212,0.8733,c4c5,8/8/R7/p5k1/P1P5/2N3p1/1P4K1/8 w - - 0 1,0.0012
61,black,19,8,-0.9966,-0.9914,-0.9982,0.0068,0.8053,7.966,0.9979,0.8767,0.8395,0.9766,0.9823,b7b8,Q1N5/1rk5/n2p1np1/2pBppBp/pPP1P2P/P2P2P1/4RK2/1R4N1 b - - 0 1,0.0051
124,white,8,8,-0.9168,-0.8849,-0.9014,0.0165,0.5895,5.957,0.8582,0.3403,0.4395,0.5283,0.6568,b3c3,3k4/2p5/2p1p3/7r/8/1K6/8/8 w - - 0 1,0.0081
44,white,24,8,0.9195,0.972,0.9326,0.0394,0.2833,3.911,0.6559,0.337,0.2855,0.4552,0.5183,b2a3,rn5r/ppp1N2k/5p2/5p2/5b2/1PPp1P2/PQ1P3P/R1BKR3 w - - 0 1,0.0181
126,white,34,8,0.9999,1.0,0.9999,0.0,0.9997,8.0,1.0,0.993,0.994,0.9999,1.0,g7g8q,N7/5QP1/8/8/PP1p4/3k3K/8/8 w - - 0 1,0.0
126,white,21,9,0.2251,0.2864,0.2724,0.014,0.6398,4.295,0.6634,0.3111,0.3608,0.4234,0.4227,f4f5,8/7k/p3n3/7B/5PP1/2N5/6K1/8 w - - 0 1,0.0409
84,white,25,9,-0.6112,-0.4576,-0.6457,0.1881,0.0024,1.044,0.0194,0.2281,0.2683,0.2651,0.2133,g7g6,4r3/2p1knQ1/2p2p2/1n1p1P1q/3P4/P7/1P4K1/R1B5 w - - 0 1,0.0201
109,black,3,3,-0.2726,-0.1803,-0.9745,0.7942,0.0,1.0,0.0,0.2437,0.2404,0.3585,0.3138,c2d1,8/5N2/p7/P1rB4/1p2P3/3PK3/2k5/3Q4 b - - 0 1,0.7638
111,black,10,8,0.5908,0.908,0.2071,0.7008,0.0,1.0,0.0,0.4712,0.3991,0.6026,0.5005,f4f3,8/2k5/4p3/p7/P4p1p/K6P/8/8 b - - 0 1,0.7475
129,black,13,9,-0.3747,-0.3021,-0.3121,0.0101,0.7243,3.177,0.5261,0.3709,0.4139,0.415,0.3962,d6c5,8/4b3/3k4/1p6/8/5P2/6K1/1B5R b - - 0 1,0.0084
32,white,30,10,0.2957,0.3693,0.3596,0.0097,0.7325,4.537,0.6568,0.2968,0.4398,0.2782,0.3372,f3e1,1nr1k1nr/p2b2p1/1ppb2Pp/4p2P/2P2p2/5N2/PP2PP2/RNBK1B1R w k - 0 1,0.0185
40,white,6,6,-0.9784,-0.9492,-0.9736,0.0244,0.4578,5.191,0.9191,0.6659,0.5593,0.8159,0.8093,e2d3,r1bk1r2/ppq1n1p1/4P3/8/1P4P1/2P4B/P3KP1P/R1B3n1 w - - 0 1,0.0017
72,white,32,8,0.8603,0.9194,0.8879,0.0316,0.3646,3.465,0.5977,0.2862,0.37,0.3784,0.4631,d2c3,6k1/3q3p/3p3n/3P1p2/5Pp1/6P1/1P1Q1KBP/1R6 w - - 0 1,0.0164
78,white,31,8,0.9432,0.964,0.95,0.014,0.6388,6.024,0.8636,0.3956,0.46,0.533,0.6511,f4e5,3k4/2n1n3/3r1r2/1p1p1PN1/3P1BBp/P1P4P/8/R2NK1R1 w - - 0 1,0.0017
79,black,28,8,0.0386,0.1157,0.1092,0.0065,0.8117,3.129,0.5486,0.3128,0.4666,0.4258,0.519,a6b7,8/7p/b7/2P1kr2/1B6/8/P2K2nN/3R4 b - - 0 1,0.0016
69,black,13,8,-0.9999,-0.9997,-0.9998,0.0001,0.9958,8.0,1.0,0.9899,0.9957,0.9998,1.0,d5e3,5k1r/1Qp2p2/2P2Pp1/pB1n3p/P2N1P1P/4B1P1/1P4K1/R6R b - - 0 1,0.0001
49,black,35,9,-0.7103,-0.5911,-0.6071,0.016,0.599,3.041,0.5061,0.3495,0.4927,0.3031,0.4154,d3d2,1rb4r/pp1pk2p/4p3/2n5/P7/2bp1N2/5KBP/1R1Q2NR b - - 0 1,0.0616
26,white,40,8,-0.2358,-0.0154,-0.1975,0.1821,0.003,1.02,0.0097,0.1081,0.0596,0.0879,0.0712,b1c3,r1bq1k1r/np2np1p/p1pp2p1/P7/4P3/5NP1/1PK2P1P/RN1Q1B1R w - - 0 1,0.1636
16,white,33,9,0.2653,0.368,0.3572,0.0108,0.7085,3.444,0.5628,0.1897,0.3574,0.1562,0.233,c2a2,rnbk2nr/1ppp1ppp/3bq3/pP6/P2Pp3/2P2PP1/2Q1P2P/RNB1KBNR w KQ - 0 1,0.0501
43,black,21,8,0.6765,0.7553,0.7346,0.0207,0.5155,2.912,0.5141,0.2014,0.2393,0.2244,0.2439,c8b8,2rq1b1r/p1p1pp2/p1k5/1b1p1P1p/1P1P3P/P2PP2N/4K1p1/RNB3R1 b - - 0 1,0.0139
38,white,34,8,0.9757,0.9946,0.9851,0.0095,0.7391,7.509,0.9695,0.4938,0.5449,0.6989,0.8012,h5f3,r1b2bkr/1p5p/n6P/3p1pNQ/pP1P4/B3Pp2/P1P2P2/1R2K2R w K - 0 1,0.0109
124,white,10,8,-0.2655,-0.0971,-0.1426,0.0455,0.2332,2.179,0.3745,0.3311,0.394,0.4873,0.5039,e2f4,8/6k1/p7/P2p4/1P3rP1/3n4/4N3/3K4 w - - 0 1,0.0278
72,white,3,3,1.0,1.0,1.0,0.0,1.0,3.0,1.0,1.0,1.0,1.0,1.0,d1c1,1n6/p5Q1/2k5/8/b4P2/P1Bp3R/P2N2p1/R2K2N1 w - - 0 1,0.0
132,white,13,8,0.1931,0.2575,0.1947,0.0628,0.1342,2.265,0.3931,0.2895,0.3028,0.4443,0.4616,d2d1,8/8/8/4k2p/3b3K/7P/3R4/8 w - - 0 1,0.0078
23,black,31,8,-0.062,0.0762,0.0373,0.0388,0.2888,1.944,0.3197,0.1299,0.193,0.1627,0.197,f6e4,rn1q1k1r/1p4bp/2pppn2/p7/3PP2P/2P4B/PP3P1P/RNQ1K2R b KQ - 0 1,0.0428
133,black,3,3,-0.9954,-0.9895,-0.9959,0.0064,0.8138,2.974,0.992,0.9132,0.8999,0.9798,0.9765,d3c2,8/8/4Q3/p7/N7/P2k4/8/5K2 b - - 0 1,0.0031
134,white,5,5,-0.9814,-0.9727,-0.9859,0.0132,0.6553,4.66,0.9563,0.794,0.6723,0.8958,0.8297,g2f2,5k2/5p2/1n6/4p3/8/p1q5/6K1/8 w - - 0 1,0.0081
37,black,20,8,-0.9476,-0.9082,-0.9218,0.0137,0.6463,5.527,0.8222,0.5092,0.5659,0.6126,0.6591,g5e6,1rbk1b2/pp1p1pp1/n7/2p3n1/2P2N2/P4P2/1P1P1K2/R1BQ2NB b - - 0 1,0.0016
35,black,33,8,-0.477,-0.3924,-0.397,0.0046,0.8624,2.51,0.4426,0.246,0.3408,0.1815,0.2213,b8d7,rn1q1kr1/1p3pp1/pP5p/8/2QNnp2/7P/PB2PPP1/1R2KB1R b K - 0 1,0.005
59,black,38,8,0.935,0.9779,0.9727,0.0052,0.8462,4.753,0.7496,0.4292,0.501,0.5168,0.5612,d6b4,rnb3r1/2k3p1/3b4/p4p1p/3PpP1n/8/1PP3Bq/R1BNKQ2 b - - 0 1,0.0002
137,black,3,3,-0.9993,-0.9988,-1.0,0.0012,0.9626,3.0,0.9999,0.9717,0.9578,0.9933,0.9957,a3b4,8/3Q1Q2/7N/p7/7P/k7/8/7K b - - 0 1,0.0017
39,black,26,8,0.1507,0.422,0.0506,0.3714,0.0,1.0,0.0001,0.2251,0.254,0.2193,0.1973,f7e6,1n2qb1r/3bkpp1/4N3/r1pPp2P/pp2P3/2p1P3/2Q2K1P/R1B2B1R b - - 0 1,0.4792
138,white,50,8,0.9957,1.0,1.0,0.0,1.0,7.967,0.998,0.9177,0.889,0.9459,0.9545,b6b7,8/6k1/1P5p/R4P1P/1P6/3Q2p1/6K1/1RB5 w - - 0 1,0.0
25,black,33,8,0.1129,0.633,0.4048,0.2282,0.0007,1.006,0.0027,0.1742,0.1621,0.2133,0.1577,e7b7,r3kb1r/pP2q1p1/n3pnPp/5p1P/2Pp1P2/5N2/PP2P3/RNBbKB1R b KQkq - 0 1,0.2111
99,black,25,8,-0.5698,-0.4935,-0.5377,0.0442,0.243,1.912,0.3117,0.2151,0.2144,0.2141,0.2357,b7b3,8/pr3r2/2k4p/8/N2R3N/1P2p2P/4P1KR/8 b - - 0 1,0.0651
101,black,20,8,-0.8193,-0.7297,-0.8401,0.1104,0.0293,1.358,0.1473,0.2119,0.1933,0.2824,0.2876,a2a5,8/2p2kp1/5p2/1P5p/7P/4B3/r2N1KQ1/8 b - - 0 1,0.0045
60,white,32,9,0.8658,0.9412,0.9073,0.0339,0.3388,4.229,0.6562,0.2349,0.2502,0.3703,0.4543,d2b3,B1bk1b1r/3n2pp/pp6/5p2/PPPn4/3P4/3N4/RQ3KR1 w - f6 0 1,0.0032
140,white,17,8,0.9104,0.9497,0.9274,0.0223,0.49,4.338,0.7057,0.4109,0.5049,0.5621,0.6678,a6c6,8/8/R7/P7/1Pk5/2P2K2/5P2/8 w - - 0 1,0.0132
140,white,9,8,0.0014,0.1749,0.1317,0.0432,0.2514,1.652,0.2413,0.3811,0.3623,0.5308,0.4749,a1d4,8/8/p7/3K4/3b3k/8/8/B7 w - - 0 1,0.004
48,white,40,8,0.0808,0.2321,0.2043,0.0278,0.4113,2.701,0.4779,0.2407,0.306,0.261,0.2753,d1d4,1r3k1r/1p1q2bp/p1p2p2/3P4/1P4p1/P3BPPP/2R2P2/3Q1K1R w - - 0 1,0.0862
126,white,30,8,0.8168,0.9887,0.9077,0.081,0.0751,1.522,0.202,0.34,0.307,0.4497,0.3973,f5g7,8/p2k2rp/8/2r2N2/1N2P3/5P1R/1R1b1K2/8 w - - 0 1,0.0232
95,black,9,8,-0.3692,-0.2145,-0.5441,0.3296,0.0,1.001,0.0004,0.2107,0.1924,0.2925,0.2623,f5e6,8/8/4N3/p4k2/8/5KP1/1n6/2R5 b - - 0 1,0.3432
49,black,36,11,-0.5164,-0.4369,-0.4401,0.0032,0.9031,4.9,0.6628,0.2697,0.4015,0.2234,0.2644,f4g3,r1b1kr2/2p1p3/1p4P1/2nP3p/5p2/2N3P1/P2P1KBP/4R1NR b - - 0 1,0.2764
44,white,26,9,-0.1201,0.0512,-0.0214,0.0726,0.0983,1.428,0.1622,0.1809,0.1613,0.2556,0.2474,e3d4,6nr/p2p1kp1/p3p3/2P1Pq2/5Ppp/P1NNQb2/R1P2K1P/8 w - - 0 1,0.1325
13,black,33,8,0.2534,0.4025,0.3729,0.0296,0.388,1.846,0.2948,0.1623,0.1982,0.1931,0.2153,b4a2,r1bqkbnr/ppp1pp2/6pp/8/1n1Pp3/N5P1/P1P2PBP/1RBQK1NR b Kkq - 0 1,0.0501
38,white,43,8,0.0379,0.1172,0.0661,0.0511,0.1952,2.129,0.3634,0.264,0.4151,0.2551,0.3372,a1d1,1rb1k1n1/pp1pq2p/n2b2p1/4Np2/5P1P/2B3P1/P1PKP1B1/R4Q1R w - - 0 1,0.1282
72,white,26,10,0.3524,0.426,0.418,0.008,0.7733,6.079,0.7838,0.2982,0.4332,0.3467,0.4318,c3c4,2k5/2p4r/p5p1/bpP5/4P1p1/P1P3N1/1R3PK1/2B5 w - - 0 1,0.0619
11,black,19,8,0.1952,0.2678,0.2587,0.0091,0.7473,2.288,0.3981,0.2089,0.3556,0.1945,0.2728,e7e6,rnbqkbnr/pp1ppp2/6pp/2p1P3/2P5/5QP1/PP1P1P1P/RNB1KBNR b KQkq - 0 1,0.0324
68,white,1,1,-0.9042,-0.9042,,2.0,0.0,1.0,0.0,0.4632,0.4488,0.5546,0.5523,e1e2,5k2/6pr/p1p4p/P3P3/2N2B2/4p1P1/7P/1r2KBq1 w - - 0 1,
90,white,23,9,0.7594,0.7971,0.7937,0.0034,0.8965,5.566,0.7813,0.2888,0.3778,0.3295,0.3552,a1c1,2b5/p7/1b2p1k1/2p1P3/7P/P1Br1NK1/3P4/R2N3R w - - 0 1,0.0952
70,white,5,5,-1.0,-1.0,-1.0,0.0,1.0,5.0,1.0,1.0,1.0,1.0,1.0,b4b5,1r3knr/p1p5/3q1b2/8/1P4n1/1pPp1b2/3P4/2B3K1 w - - 0 1,0.0021
43,black,25,8,-0.7341,-0.5265,-0.8486,0.3221,0.0,1.001,0.0003,0.3292,0.1809,0.434,0.2511,f7g8,2Q1q3/3p1kb1/np2p2p/pNp4p/2P4P/P4NK1/RP4P1/5B1R b - - 0 1,0.0035
79,black,28,8,-0.3986,-0.0942,-0.7022,0.608,0.0,1.0,0.0,0.1279,0.0874,0.1656,0.0967,d7d6,5rnk/3r4/pp1N1p2/2p2P1p/Pn1P3P/1P3K2/1R6/2BQ4 b - - 0 1,0.4612
138,white,17,8,-0.997,-0.963,-0.9992,0.0363,0.3137,7.053,0.9394,0.8411,0.7452,0.968,0.9549,d3c2,3nR3/6k1/r1p3r1/8/1p6/3K4/8/q7 w - - 0 1,0.0113
73,black,19,8,-0.9054,-0.8302,-0.9352,0.1051,0.0348,1.66,0.2438,0.3767,0.3027,0.4763,0.4016,f4f6,5k2/5pp1/p6p/2P5/2B2r1P/PP4B1/2PR2K1/8 b - - 0 1,0.0242
34,white,35,8,0.4898,0.6699,0.608,0.0619,0.1382,1.556,0.2126,0.1644,0.1398,0.2347,0.1649,d3f5,rnbq4/3p1kb1/1p1P1np1/pPp2r2/8/2NBP2N/P1PK3P/R1BQ2R1 w - - 0 1,0.1719
41,black,25,8,-0.8893,-0.8041,-0.8238,0.0197,0.5328,2.086,0.3535,0.3549,0.3725,0.4161,0.3844,f6f5,rnb4r/1p3kb1/pNnP1p2/4p2p/4Q1pP/1PP1B1P1/P4PB1/R4KNR b - - 0 1,0.0119
41,black,40,8,0.6995,0.7782,0.6988,0.0794,0.079,2.009,0.3356,0.1743,0.2018,0.2253,0.2504,f5h3,rn5r/ppk2p2/2p2n2/3p1b1p/2P5/PpK1P1PN/7P/R4BR1 b - - 0 1,0.019
79,black,22,8,-0.9999,-0.9997,-0.9999,0.0002,0.9945,8.0,1.0,0.9809,0.9894,0.9998,0.9999,a7c7,2b5/q3p3/p2k4/3B4/1P2P2p/3P4/2Q2N2/1RBQ1K2 b - - 0 1,0.0001
44,white,55,9,0.0005,0.0844,0.0735,0.0109,0.7049,4.447,0.6792,0.1975,0.3163,0.2514,0.3244,f1e1,r1b2br1/p2k4/n1qpp3/2p2pBQ/4P3/2NN2P1/1PP4P/1R3RK1 w - - 0 1,0.0822
50,white,17,8,-0.994,-0.9767,-0.9909,0.0142,0.6354,7.721,0.9829,0.8075,0.7439,0.9205,0.9326,a3c4,r1b3r1/1p3k2/p1nP4/2P2pPp/4pP1q/N2pK2P/PP6/1RR5 w - - 0 1,0.0012
77,black,30,9,-0.3025,-0.1826,-0.2458,0.0631,0.1328,1.914,0.2954,0.1527,0.1667,0.2226,0.2261,d8c8,3k4/3rr3/6pB/P3pbNn/1p6/4P3/R6Q/5K2 b - - 0 1,0.0004
47,black,42,8,0.6075,0.7901,0.7468,0.0434,0.2497,2.709,0.4792,0.2082,0.2852,0.2662,0.3167,g7g3,r1n1kb2/1p3pr1/p2p3P/2p1p3/2P4q/R1Q1PPNP/1P3K2/1bB2B2 b - - 0 1,0.0128
6,white,29,10,-0.0451,0.0956,0.0823,0.0133,0.6537,4.352,0.6386,0.19,0.2757,0.2058,0.265,a3b5,r1bqkbnr/p1pppp1p/2n3p1/1p6/8/N1PP4/PP2PPPP/R1BQKBNR w KQkq - 0 1,0.0077
114,white,19,9,-0.0875,-0.0354,-0.0451,0.0098,0.7313,5.538,0.779,0.3967,0.4899,0.5413,0.5953,a2b3,8/8/p5R1/1p3r2/1P1p4/8/K7/5k2 w - - 0 1,0.0179
105,black,11,8,0.0253,0.0374,0.0269,0.0105,0.7149,7.664,0.9794,0.379,0.5032,0.6306,0.7185,e6d5,8/8/p3b1p1/1p3k2/1P2Np2/2P2P2/4P3/7K b - - 0 1,0.0087
41,black,34,8,0.1674,0.2764,0.2693,0.0071,0.7968,4.198,0.6899,0.2719,0.3779,0.3003,0.3604,e8e6,rnb1q3/ppk5/5Pp1/7p/1P6/P1P3P1/5PBP/RN3KNR b - - 0 1,0.008
70,white,33,10,-0.8603,-0.7535,-0.7814,0.0279,0.4103,2.179,0.3382,0.2261,0.2873,0.2785,0.3103,c2e1,6r1/2p2pbk/7p/p2p4/P2P3P/1RBnPq2/2N1b2K/6R1 w - - 0 1,0.0092
52,white,47,8,0.9382,0.9927,0.9874,0.0053,0.8433,5.071,0.7807,0.5015,0.4977,0.6262,0.613,d5d1,5kn1/pr5r/5p1p/1PPR1Q2/8/2P2P2/1PB3P1/RN2K1b1 w Q - 0 1,0.0013
84,white,4,4,-0.8533,-0.5109,-0.9032,0.3923,0.0,1.0,0.0001,0.4078,0.3261,0.4564,0.417,h3f1,8/3n3k/2b5/1p3p2/8/r3p2B/4K3/2q4r w - - 0 1,0.0329
134,white,39,8,0.934,1.0,1.0,0.0,0.9998,6.453,0.8967,0.9602,0.9397,0.9503,0.9237,g3h4,kB1Q4/8/6P1/8/8/6KB/8/8 w - - 0 1,0.0
137,black,37,8,0.9957,1.0,1.0,0.0,1.0,7.942,0.9965,0.9614,0.9697,0.957,0.9639,b2b1q,7k/8/8/p3p3/4q2b/8/1p5K/8 b - - 0 1,0.0033
73,black,17,8,-1.0,-1.0,-1.0,0.0,0.9988,8.0,1.0,0.9976,0.9988,0.9999,1.0,c6d7,6Q1/4rp2/2b5/p1p1P2B/k1p1P3/2Q1B1P1/P6R/5KN1 b - - 0 1,0.0
96,white,38,9,-0.0127,0.3546,0.1323,0.2223,0.0008,1.008,0.0037,0.1934,0.1598,0.2715,0.196,f5c8,2r5/4k3/1Q1n3p/5B2/2rb1P1P/6P1/8/1R3K2 w - - 0 1,0.041
19,black,25,9,-0.2826,0.0004,-0.2206,0.221,0.0009,1.011,0.0048,0.1312,0.1145,0.1767,0.1193,f7g5,2bqkbnr/rppp1npp/4pp2/p1P3P1/3PPB2/2N4B/PP3P1P/R2QK1NR b KQk - 0 1,0.074
24,white,38,9,0.0869,0.1679,0.1643,0.0036,0.8912,5.033,0.7354,0.2551,0.3749,0.2576,0.3,f4e5,rn1qk1n1/pppb2pr/7p/2bPpp2/2B2P2/1P2P1PP/P1Q5/RNB1K1NR w KQ - 0 1,0.0295
121,black,29,8,0.2773,0.3644,0.3312,0.0332,0.3458,2.49,0.4386,0.2779,0.3688,0.3171,0.3239,g4e6,8/nk1p4/6rp/p7/P5b1/6K1/2P5/4Q3 b - - 0 1,0.015
25,black,41,8,0.0813,0.3406,0.2602,0.0804,0.0766,1.292,0.1234,0.1294,0.1134,0.1804,0.1102,d8d4,2bqkbnr/1pp1p3/2n3p1/r5p1/3P4/1P5P/P2PQ2R/RNB1KBN1 b Qk - 0 1,0.0707
38,white,28,8,0.5296,0.6271,0.5968,0.0303,0.3793,2.556,0.4513,0.2282,0.3358,0.2179,0.2796,e1f1,4kbnr/1p4p1/p2p1pb1/4p1Pp/7P/N4P1B/PP2P3/R1B1K2R w Qk - 0 1,0.08
73,black,36,8,0.8631,0.9478,0.8702,0.0776,0.0838,2.016,0.3373,0.2196,0.2512,0.383,0.4776,b3c4,2r2b2/1ppR1n2/5kpr/PN6/P7/1bP5/4R3/5K2 b - - 0 1,0.0154
9,black,28,10,-0.0232,0.0734,0.0541,0.0193,0.5394,3.825,0.5827,0.2149,0.3118,0.2452,0.3033,f7f6,rnbqk1nr/ppp1pp1p/6p1/3p4/1P6/2P3P1/P1PQPP1P/R1B1KBNR b KQkq - 0 1,0.0005
16,white,29,8,0.6028,0.7794,0.7047,0.0747,0.0919,1.921,0.3141,0.1288,0.1657,0.1736,0.1818,g4g5,Bnb1k1nr/2p1bpp1/p3p2p/1p1q4/2pP2P1/P6P/1P2PP2/RNBQK1NR w KQk - 0 1,0.0935
42,white,22,8,-0.9377,-0.8807,-0.9077,0.027,0.4224,3.634,0.6205,0.4042,0.3914,0.5562,0.5897,d2d4,4rbnr/2pq1k2/p5pp/1b6/1P2P2P/5P2/P1PP2B1/1R2K1NR w K - 0 1,0.0048
95,black,6,6,-0.944,-0.8787,-0.9071,0.0285,0.4023,2.951,0.6039,0.4655,0.4539,0.6018,0.611,d6c6,5R2/R5p1/3k3p/7P/1P4P1/P1K5/2P5/8 b - - 0 1,0.0025
42,white,25,8,-0.58,-0.419,-0.5372,0.1181,0.0229,1.119,0.0542,0.2395,0.1607,0.2837,0.1753,e1f2,B1b2kn1/p5p1/1p4p1/2p4r/P2p1p2/1Pb5/R1P1P2q/4QKN1 w - c6 0 1,0.0276
26,white,39,8,-0.0754,0.0692,0.0099,0.0594,0.1499,1.928,0.3157,0.2664,0.4013,0.2594,0.3617,e4e5,r1b1n1nr/ppqp2kp/2p2p1b/6p1/Q1PPPpP1/8/PP2NKBP/RNB4R w - - 0 1,0.0269
49,black,39,8,0.8575,0.9213,0.9161,0.0053,0.8445,4.664,0.7405,0.2606,0.4106,0.2697,0.394,g8f6,rnb1k1n1/ppq1b3/4P3/3Bp3/5Ppr/P1P1B3/2P1NK1P/RN5R b - - 0 1,0.0043
51,black,16,8,-0.9928,-0.9611,-0.9903,0.0292,0.3936,7.147,0.9458,0.8008,0.7284,0.9282,0.9381,f7e7,2B4r/p2N1k2/3p1b1p/4pQp1/8/6BP/PPP2P2/R3K1R1 b Q - 0 1,0.0026
70,white,38,8,0.7573,0.9307,0.6848,0.2459,0.0004,1.004,0.0019,0.2682,0.2536,0.3428,0.3486,h7g7,8/3k2pQ/4pp1p/1p1p3P/rb3PP1/4PN2/2R3K1/8 w - - 0 1,0.2576
125,black,21,8,0.9778,0.9871,0.9842,0.0028,0.9143,7.696,0.9813,0.6516,0.6782,0.858,0.8926,h3g4,7r/8/2p1p3/2K5/8/7k/8/7b b - - 0 1,0.0192
72,white,16,8,-0.92,-0.8704,-0.9109,0.0405,0.2736,4.706,0.7448,0.3688,0.3192,0.5382,0.5505,e2c1,7b/4k2P/1pp1b3/1p1p4/3P1pqP/2B5/3KN3/5B2 w - - 0 1,0.0155
101,black,27,10,-0.4175,-0.2665,-0.2744,0.0079,0.7772,5.218,0.7175,0.1937,0.178,0.3271,0.3293,c8d7,2q5/5kr1/2n3p1/2P3Q1/p5PP/8/4R1N1/B3K3 b - - 0 1,0.008
110,white,18,9,-0.331,-0.2434,-0.295,0.0516,0.1918,3.119,0.5177,0.2805,0.222,0.3542,0.3271,d1e2,6nr/5k2/6p1/4p1P1/5p1p/7P/2R5/3K4 w - - 0 1,0.0346
92,white,19,9,-0.7739,-0.7163,-0.725,0.0086,0.7585,4.415,0.6759,0.3149,0.3603,0.3271,0.3138,a1c1,8/3p1rk1/6p1/7p/3N1p2/r2b3P/P7/R2BK1b1 w - - 0 1,0.042
22,white,28,8,0.2201,0.2772,0.2732,0.004,0.8807,5.132,0.7865,0.2728,0.4268,0.2498,0.3288,g1f3,rnb2bnr/pppk1p2/q3p1p1/6p1/3PP3/N6P/PPP3B1/R1BQK1NR w - - 0 1,0.0015
39,black,17,8,-0.9998,-0.9992,-0.9997,0.0005,0.9846,8.0,1.0,0.9749,0.985,0.9986,0.9994,f8d6,5bnr/Qpk3p1/4ppP1/7p/p4P2/P2pP2B/3B3P/RN1K2NR b - f3 0 1,0.0046
93,black,14,8,-0.9794,-0.9415,-0.9822,0.0407,0.2721,6.26,0.882,0.5908,0.558,0.825,0.8208,f5d4,8/1k6/2p5/5n2/8/6B1/PP3P1P/2NR2K1 b - - 0 1,0.002
42,white,31,10,0.1581,0.3403,0.3056,0.0347,0.33,2.443,0.3878,0.1329,0.1485,0.1778,0.1739,c1c3,rn1B1b2/pp4p1/8/2k1pn1r/2p4P/5N1b/PP5P/1RQ1K2R w - - 0 1,0.2003
50,white,33,9,-0.9756,-0.9191,-0.9788,0.0597,0.1483,4.748,0.7089,0.5603,0.5108,0.7942,0.7938,d6d7,r1b2k1r/pp5p/2nP1Ppn/q7/P1B5/1P5P/7R/3R1KN1 w - - 0 1,0.0078
8,white,32,8,-0.2425,-0.0783,-0.0953,0.017,0.581,1.982,0.329,0.1841,0.2562,0.1933,0.2126,d2d4,r1bqkbnr/ppp1p1pp/5p2/3pn3/8/4P1QN/PPPP1PPP/RNB1KB1R w KQkq - 0 1,0.052
97,black,24,8,-0.7708,-0.6729,-0.6812,0.0083,0.7663,2.075,0.351,0.3167,0.3722,0.3249,0.3217,d6d5,8/3b4/2nr2k1/1N6/8/P4R2/1R3P2/2B2K2 b - - 0 1,0.3015
49,black,37,8,0.5356,0.6209,0.5998,0.0211,0.5097,2.935,0.5178,0.2064,0.2613,0.2317,0.274,d8b8,3q3r/1P2k3/3p2p1/4p2p/P3nb2/7P/3P1P2/R2B1KNR b - a3 0 1,0.0152
82,white,23,8,-0.7189,-0.4847,-0.9456,0.4608,0.0,1.0,0.0,0.3355,0.2129,0.4153,0.267,e3e6,1r3kr1/2p3p1/1p4Pp/1b1p3P/8/2n1Q1Pq/P4P2/6K1 w - - 0 1,0.3575
23,black,29,9,-0.1797,-0.0188,-0.0961,0.0773,0.0845,1.469,0.1749,0.1561,0.1687,0.2196,0.2339,d7d6,r1bq1br1/pp1pk3/2p4n/4pPpP/1nN5/1PN5/P1PP1PBP/R1BQ1K1R b - - 0 1,0.084
35,black,22,8,-0.1799,-0.0637,-0.1336,0.0699,0.107,1.746,0.268,0.1432,0.1692,0.2111,0.2524,a6b4,1rbq1br1/p4kp1/np1pp3/6Pp/2P2P1P/4QP2/PBP1K1B1/RN4NR b - - 0 1,0.0125
56,white,29,8,-0.556,-0.3552,-0.6326,0.2774,0.0001,1.002,0.0008,0.1009,0.1027,0.1438,0.1117,c7a6,6kr/1pNbp1b1/r1n2pP1/7p/2P5/1p3P2/P2K2nB/R2B1R2 w - - 0 1,0.3943
87,black,15,9,-0.0901,0.1023,-0.1432,0.2455,0.0004,1.005,0.0023,0.263,0.2346,0.4134,0.3472,b4h4,8/8/1p2k3/1p6/1r5R/5R2/8/4K3 b - - 0 1,0.2009
50,white,19,8,-0.999,-0.9935,-0.9976,0.0041,0.8768,7.981,0.9988,0.9195,0.9107,0.9859,0.9946,a3c2,r6r/p2pp3/2p2n2/3q4/4k1p1/N6p/1P1PP3/2BK1R2 w - - 0 1,0.0514
118,white,25,8,0.9321,0.9658,0.9526,0.0132,0.6554,4.919,0.7661,0.4473,0.5668,0.6534,0.7508,h3h4,8/2k5/8/8/3B4/2P4P/5KB1/8 w - - 0 1,0.0038
52,white,37,8,0.2718,0.3845,0.3645,0.02,0.5273,2.226,0.3849,0.2983,0.3575,0.2822,0.2875,a6d3,N4k2/6pr/B2b3p/4N3/8/1P6/2K3bP/2B4R w - - 0 1,0.1266
85,black,31,8,0.9985,0.9999,0.9999,0.0,0.9994,7.996,0.9998,0.9312,0.9334,0.9953,0.9983,f7e7,5k2/p4r1p/p6P/2p2P2/2b1P3/3p4/4q3/1K4R1 b - - 0 1,0.0005
113,black,48,8,0.9986,1.0,1.0,0.0,1.0,7.983,0.999,0.9986,0.9974,0.9896,0.9834,e5e4,6r1/6q1/2p4p/r3p3/5b2/8/1k6/3K4 b - - 0 1,0.0
51,black,30,8,0.9808,0.9898,0.9873,0.0025,0.9226,7.538,0.9714,0.5765,0.6713,0.7396,0.8494,a2c4,r2kr3/1q1p3p/1Pp4P/p5p1/4p3/2N1P1K1/b1PP2P1/2BR4 b - - 0 1,0.0063
60,white,25,10,-0.6077,-0.5034,-0.5111,0.0077,0.782,2.827,0.4513,0.2866,0.3988,0.2742,0.283,e1e2,3r1r2/pp2pp1p/2k4b/5P2/P1P1N3/2P2N1P/1B6/4KB1n w - - 0 1,0.0728
6,white,47,9,0.0647,0.1576,0.1304,0.0272,0.4184,3.202,0.5297,0.1427,0.2307,0.2421,0.3402,e2e4,rnbqkbnr/pppp1pp1/7p/8/3Q4/7N/PPP1PPPP/RNB1KB1R w KQkq - 0 1,0.0344
56,white,25,8,-0.98,-0.9659,-0.9967,0.0309,0.3727,7.227,0.9511,0.7384,0.6193,0.873,0.827,e4d5,1rbk4/1pp2pb1/p1n2p2/2Pq3p/3pPp1r/P2P1B2/1P1KNP2/4R3 w - - 0 1,0.1005
83,black,8,8,-0.1739,-0.0637,-0.0731,0.0095,0.7386,2.971,0.5237,0.3933,0.4182,0.4757,0.4304,g6g5,6kr/p6p/4pBp1/1P6/5P2/1P5P/3K4/8 b - - 0 1,0.0123
25,black,45,8,0.502,0.5927,0.5554,0.0373,0.3039,4.079,0.6761,0.1273,0.201,0.1669,0.2476,f6g5,r2q1bnr/1ppb1k1p/5pp1/2np2P1/1p1p1P2/P2P4/1PPQP1BP/R1B2KR1 b - - 0 1,0.1559
65,black,24,10,-0.8877,-0.8149,-0.8325,0.0175,0.571,4.996,0.6987,0.4075,0.4075,0.4769,0.4558,f8g8,2b2k2/r4nN1/1p1p4/p1pPnp1P/P1P2p1P/P4P2/2Q5/R4KR1 b - - 0 1,0.0482
78,white,11,8,-0.9997,-0.9995,-0.9995,0.0,0.9991,8.0,1.0,0.9753,0.9849,0.9986,0.9998,e2e3,3r4/2n1bnp1/4b1k1/3p4/5P1p/2P1p3/P3K2P/8 w - - 0 1,0.0001
68,white,18,8,-0.856,-0.7986,-0.8525,0.054,0.1781,2.138,0.3654,0.2701,0.3235,0.3352,0.3691,a1a2,1r4r1/p2k3p/2p2q1P/4p1pR/1P6/2pPPP2/p1P1B3/R3K3 w - - 0 1,0.0927
85,black,49,8,0.9419,0.9956,0.9944,0.0012,0.9617,5.9,0.8535,0.5331,0.5798,0.6834,0.694,d4f5,3r2k1/p4n2/6B1/2P5/3n1K2/q4P1r/3R1R2/8 b - - 0 1,0.0052
101,black,13,8,0.0108,0.0252,0.0084,0.0167,0.5855,6.804,0.9221,0.5101,0.5568,0.7442,0.7304,b2b1q,8/3k4/8/p7/5P2/8/Kp6/8 b - - 0 1,0.0175
8,white,23,9,-0.2979,-0.2042,-0.2159,0.0117,0.6883,2.736,0.4581,0.2192,0.3325,0.1733,0.2574,h2h3,rnbqk1nr/pppppp1p/6pb/8/8/2PP4/PP2PPPP/RN1QKBNR w KQkq - 0 1,0.0089
61,black,32,10,-0.4965,-0.2142,-0.3324,0.1182,0.0229,1.211,0.083,0.1597,0.1118,0.2364,0.188,d7d5,2b3r1/r1pqn3/2k1p2p/P1p2P2/3p4/N4P2/R1PBBK2/2Q4R b - - 0 1,0.0254
19,black,35,9,-0.0527,0.1157,0.0856,0.0301,0.3821,2.246,0.3682,0.1642,0.202,0.1949,0.1853,f6e7,rn1k1b1r/1p1b1ppp/1p1ppqn1/p7/4P1P1/P1N5/1BPPBP1P/R2QK1NR b KQ - 0 1,0.0381
23,black,31,10,-0.4238,-0.2938,-0.3054,0.0116,0.6893,4.001,0.6022,0.2328,0.3249,0.2177,0.2863,f7f5,rnb1qk1r/ppp1ppbn/3p3P/8/2PPP1P1/5P2/PP6/RNBQKBNR b KQ - 0 1,0.0417
122,white,9,8,-0.6923,-0.5679,-0.5714,0.0035,0.8933,2.993,0.5272,0.7001,0.5797,0.6341,0.4713,g5g4,8/7k/8/p1q1ppR1/P2r4/3q4/8/4K1b1 w - - 0 1,0.4773
118,white,16,8,0.9686,0.9942,0.9861,0.0081,0.7722,6.455,0.8968,0.5441,0.6044,0.7204,0.8194,b2c3,1k6/5b2/2p1p3/1p2P2p/1P1PP2P/K7/1B4N1/5N1R w - - 0 1,0.0032
120,white,23,8,0.8294,0.8895,0.8334,0.0561,0.1663,3.006,0.5293,0.222,0.2477,0.3497,0.3855,d1f2,B1N2k2/7p/8/7p/8/1P2K3/8/3N4 w - - 0 1,0.023
55,black,34,8,0.9623,0.9888,0.9863,0.0025,0.9227,6.904,0.9292,0.4364,0.5193,0.6201,0.6929,f8f7,1rb2k2/p4Nb1/2p2p2/1p2nP2/1Pp5/4BP2/P1K1P2r/3R4 b - - 0 1,0.01
